split,accuracy,precision,recall,log_loss
train,0.575950,0.605315,0.234687,0.676429
validation,0.555058,0.523280,0.218434,0.685990
test,0.556419,0.520618,0.216021,0.685784
